email,full_name
alice@example.com,Alice Braun
carol@example.com,Carol Johnson
dave@example.com,Dave Lee
erika@example.com,Erika Kim
frank@example.com,Frank Wright
grace@example.com,Grace Hall
us_user_ 1@example.com,US User  1
us_user_ 2@example.com,US User  2
us_user_ 3@example.com,US User  3
us_user_ 4@example.com,US User  4
us_user_ 5@example.com,US User  5
us_user_ 6@example.com,US User  6
us_user_ 7@example.com,US User  7
us_user_ 8@example.com,US User  8
us_user_ 9@example.com,US User  9
us_user_10@example.com,US User 10
us_user_11@example.com,US User 11
us_user_12@example.com,US User 12
us_user_13@example.com,US User 13
us_user_14@example.com,US User 14
