username,email,full_name
alice,alice@gmail.com,Alice Silva
heidi,heidi@gmail.com,Heidi Nogueira
dave,dave@gmail.com,Dave Oliveira
frank,frank@gmail.com,Frank Rodrigues
judy,judy@email.com,Judy Martins
bob,bob@email.com,Bob Santos
grace,grace@email.com,Grace Almeida
ivan,ivan@gmail.com,Ivan Ribeiro
eve,eve@email.com,Eve Costa
carol,carol@email.com,Carol Pereira
